insert into salespersons_aldag (
	salesperson_id,
	first_name,
	last_name,
	address,
	city,
	state,
	zip_code,
	phone_number,
	email_address,
	shift,
	salary,
	commission,
	total_pay
)VALUES(
	1,
	'Andy',
	'Reid',
	'1 Arrowhead Dr',
	'Kansas City',
	'Missouri',
	'64129',
	'123-456-7890',
	'andyreid@kcchiefs.com',
	'15 hours 7 days a week',
	444444.44,
	444444.44,
	888888.88
);

insert into salespersons_aldag (
	salesperson_id,
	first_name,
	last_name,
	address,
	city,
	state,
	zip_code,
	phone_number,
	email_address,
	shift,
	salary,
	commission,
	total_pay
)VALUES(
	2,
	'John',
	'Harbaugh',
	'1101 Russell Street',
	'Baltimore',
	'Maryland',
	'21230',
	'564-877-2525',
	'jharbaugh&ravens.com',
	'14 hours 7 days a week',
	666666.66,
	333333.33,
	999999.99
);

insert into salespersons_aldag (
	salesperson_id,
	first_name,
	last_name,
	address,
	city,
	state,
	zip_code,
	phone_number,
	email_address,
	shift,
	salary,
	commission,
	total_pay
)VALUES(
	3,
	'Mike',
	'McDaniel',
	'347 Don Shula Dr Suite 102',
	'Miami Gardens',
	'Florida',
	'33056',
	'987-654-3210',
	'coachmcdaniel@nfl.com',
	'24 hours 7 days a week',
	999999.99,
	0,
	999999.99
);

insert into cars_aldag (
	car_serial_number,
	vehicle_identification_number,
	make,
	model,
	car_year,
	color,
	new_or_used,
	for_sale 
)VALUES(
	100,
	1234567890,
	'Ford',
	'F150',
	2024,
	'White',
	'New',
	'Y'
);

insert into cars_aldag (
	car_serial_number,
	vehicle_identification_number,
	make,
	model,
	car_year,
	color,
	new_or_used,
	for_sale 
)VALUES(
	101,
	0987654321,
	'Chevy',
	'Silverado',
	2020,
	'Black',
	'Used',
	'Y'
);

insert into cars_aldag (
	car_serial_number,
	vehicle_identification_number,
	make,
	model,
	car_year,
	color,
	new_or_used,
	for_sale 
)VALUES(
	102,
	1122334455,
	'Dodge',
	'Ram',
	2024,
	'Red',
	'New',
	'Y'
);

insert into cars_aldag (
	car_serial_number,
	vehicle_identification_number,
	make,
	model,
	car_year,
	color,
	new_or_used,
	for_sale 
)VALUES(
	103,
	9988776655,
	'Ford',
	'Ranger',
	2022,
	'Blue',
	'Used',
	'N'
);

insert into cars_aldag (
	car_serial_number,
	vehicle_identification_number,
	make,
	model,
	car_year,
	color,
	new_or_used,
	for_sale 
)VALUES(
	104,
	9182734650,
	'Toyota',
	'Tundra',
	2024,
	'Silver',
	'Used',
	'N'
);

insert into cars_aldag (
	car_serial_number,
	vehicle_identification_number,
	make,
	model,
	car_year,
	color,
	new_or_used,
	for_sale 
)VALUES(
	105,
	1199882233,
	'Ford',
	'Raptor',
	2021,
	'Orange',
	'Used',
	'N'
);

insert into cars_aldag (
	car_serial_number,
	vehicle_identification_number,
	make,
	model,
	car_year,
	color,
	new_or_used,
	for_sale 
)VALUES(
	106,
	1237894560,
	'Chevy',
	'Tahoe',
	2024,
	'Green',
	'New',
	'Y'
);

insert into cars_aldag (
	car_serial_number,
	vehicle_identification_number,
	make,
	model,
	car_year,
	color,
	new_or_used,
	for_sale 
)VALUES(
	107,
	1111155556,
	'Chevy',
	'Tahoe',
	2022,
	'Yellow',
	'Used',
	'Y'
);

insert into customers_aldag (
	customer_id,
	first_name,
	last_name,
	address,
	city,
	state,
	zip_code,
	phone_number,
	email_address
)VALUES(
	1,
	'Steph',
	'Curry',
	'345 3 Point Road',
	'San Franciso',
	'CA',
	'85645',
	'564-564-5645',
	'stephforthree@nba.com'
);

insert into customers_aldag (
	customer_id,
	first_name,
	last_name,
	address,
	city,
	state,
	zip_code,
	phone_number,
	email_address
)VALUES(
	2,
	'Lebron',
	'James',
	'123 Not MJ St',
	'Los Angeles',
	'CA',
	'65456',
	'111-111-4444',
	'timetoretire@nba.com'
);

insert into customers_aldag (
	customer_id,
	first_name,
	last_name,
	address,
	city,
	state,
	zip_code,
	phone_number,
	email_address
)VALUES(
	3,
	'Jason',
	'Tatum',
	'456 Boston Street',
	'Boston',
	'MA',
	'78787',
	'564-888-9123',
	'jtatum@nba.com'
);

insert into customers_aldag (
	customer_id,
	first_name,
	last_name,
	address,
	city,
	state,
	zip_code,
	phone_number,
	email_address
)VALUES(
	4,
	'Duncan',
	'Robinson',
	'601 Heat Road',
	'Miami',
	'Florida',
	'12122',
	'878-878-8787',
	'goblue@nba.com'
);

insert into mechanics_aldag (
	mechanic_id,
	first_name,
	last_name,
	address,
	city,
	state,
	zip_code,
	phone_number,
	email_address,
	shift,
	salary
)VALUES(
	1000,
	'Oil Can',
	'Robinson',
	'1 Fix Cars Dr',
	'Lincoln',
	'NE',
	'74747',
	'402-906-5225',
	'oilcan@yahoo.com',
	'7am - 5pm Mon - Sat',
	60000.00
);

insert into mechanics_aldag (
	mechanic_id,
	first_name,
	last_name,
	address,
	city,
	state,
	zip_code,
	phone_number,
	email_address,
	shift,
	salary
)VALUES(
	1001,
	'Grease',
	'Monkey',
	'54 Auto Lane',
	'Lincoln',
	'NE',
	'74747',
	'402-906-5226',
	'gmonkey@gmail.com',
	'7am - 5pm Mon - Sat',
	65000.00
);

insert into mechanics_aldag (
	mechanic_id,
	first_name,
	last_name,
	address,
	city,
	state,
	zip_code,
	phone_number,
	email_address,
	shift,
	salary
)VALUES(
	1002,
	'Piston',
	'Smith',
	'789 Daytona Dr',
	'Lincoln',
	'NE',
	'74747',
	'402-906-5227',
	'pistonsmith@yahoo.com',
	'7am - 5pm Mon - Sat',
	70000.00
);

insert into parts_aldag(
	part_id,
	part_number,
	purchase_price,
	retail_price
)VALUES(
	1,
	48,
	250.00,
	475.00
);

insert into parts_aldag(
	part_id,
	part_number,
	purchase_price,
	retail_price
)VALUES(
	2,
	024802,
	450.00,
	775.00
);

insert into parts_aldag(
	part_id,
	part_number,
	purchase_price,
	retail_price
)VALUES(
	3,
	024848,
	900.00,
	2100.00
);

insert into parts_aldag(
	part_id,
	part_number,
	purchase_price,
	retail_price
)VALUES(
	4,
	020248,
	100.00,
	300.00
);

insert into car_sales_aldag(
	sale_invoice_id,
	sale_date,
	sale_amount,
	car_serial_number,
	customer_id,
	salesperson_id 
)VALUES(
	801,
	'2024-01-21',
	98000.00,
	102,
	2,
	1
);

insert into car_sales_aldag(
	sale_invoice_id,
	sale_date,
	sale_amount,
	car_serial_number,
	customer_id,
	salesperson_id 
)VALUES(
	802,
	'2024-03-11',
	85000.00,
	101,
	3,
	3
);

insert into service_tickets_aldag(
	service_ticket_id,
	service_date,
	service_total_amount,
	car_serial_number,
	customer_id
)VALUES(
	900,
	'2024-06-05',
	125.00,
	103,
	1
);

insert into service_tickets_aldag(
	service_ticket_id,
	service_date,
	service_total_amount,
	car_serial_number,
	customer_id
)VALUES(
	901,
	'2024-05-25',
	625.00,
	104,
	1
);

insert into parts_used_aldag (
	parts_used_id,
	number_used,
	part_id,
	service_ticket_id
)VALUES(
	450,
	1,
	4,
	900
);

insert into parts_used_aldag (
	parts_used_id,
	number_used,
	part_id,
	service_ticket_id
)VALUES(
	451,
	2,
	3,
	901
);

insert into mechanic_service_history_aldag (
	mechanic_service_id,
	service_provided,
	hours_spent,
	service_amount,
	service_ticket_id,
	mechanic_id 
)VALUES(
	750,
	'Changed oil, replaced drive belt, rotated tires.',
	5.00,
	1800.00,
	900,
	1002
);

insert into mechanic_service_history_aldag (
	mechanic_service_id,
	service_provided,
	hours_spent,
	service_amount,
	service_ticket_id,
	mechanic_id 
)VALUES(
	751,
	'Filled washer fluid and checked air filter.',
	0.5,
	10.00,
	900,
	1001
);

insert into mechanic_service_history_aldag (
	mechanic_service_id,
	service_provided,
	hours_spent,
	service_amount,
	service_ticket_id,
	mechanic_id 
)VALUES(
	752,
	'Replaced brakes.',
	6,
	1200.00,
	901,
	1001
);
